provinsi,tpak,tpt,upah_total,upah_l,upah_p,jam_49plus,jam_kurang35,informal,tpak_l,tpak_p,ipm
Aceh,65.32,5.64,2837520.0,3112620.0,2433968.0,21.71,41.25,63.91,80.68,50.01,76.23
Sumatera Utara,72.29,5.32,2815066.0,3076927.0,2344533.0,23.73,33.11,57.26,84.85,59.8,76.47
Sumatera Barat,71.34,5.62,2911450.0,3079380.0,2678446.0,24.28,36.86,64.33,83.21,59.4,77.27
Riau,66.55,4.16,3144261.0,3423937.0,2598906.0,26.37,35.17,52.0,84.68,47.68,76.31
Jambi,68.37,4.26,2975646.0,3287658.0,2382430.0,23.23,36.31,57.27,85.6,50.63,75.13
Sumatera Selatan,69.88,3.69,3015055.0,3272078.0,2513026.0,24.74,38.15,63.13,84.82,54.46,74.76
Bengkulu,71.78,3.41,2935681.0,3133254.0,2657569.0,22.21,40.12,65.17,84.84,58.17,75.68
Lampung,70.44,4.21,2520619.0,2731463.0,2129859.0,24.02,41.61,64.72,86.4,53.85,73.98
Kep. Bangka Belitung,69.38,4.45,3202690.0,3514222.0,2617620.0,23.44,30.2,51.29,85.86,52.02,75.26
Kepulauan Riau,68.23,6.45,4768990.0,5103744.0,4106063.0,30.18,19.71,34.25,83.94,52.12,80.53
DKI Jakarta,64.75,6.05,5903603.0,6053768.0,5663006.0,27.01,16.57,36.63,79.66,49.94,85.05
Jawa Barat,66.99,6.77,3768080.0,4013211.0,3263406.0,28.02,27.92,54.95,84.41,49.27,75.9
Jawa Tengah,74.36,4.66,2528470.0,2765421.0,2153034.0,26.07,31.19,58.79,85.36,63.37,74.77
DI Yogyakarta,74.74,3.46,2924613.0,3100764.0,2649731.0,24.54,32.59,53.97,83.9,65.91,82.48
Jawa Timur,73.98,3.88,2899074.0,3191937.0,2380508.0,26.69,33.4,61.73,85.89,62.29,76.13
Banten,64.66,6.69,4062488.0,4256479.0,3654256.0,25.75,24.25,45.12,81.96,46.87,77.25
Bali,77.31,1.49,3639413.0,4084855.0,2973875.0,25.88,26.98,50.47,83.84,70.84,79.37
Nusa Tenggara Barat,76.11,3.06,2569181.0,2831927.0,2119129.0,24.74,40.57,68.42,86.55,65.69,73.97
Nusa Tenggara Timur,75.55,3.31,2674136.0,2718217.0,2609130.0,17.3,47.39,68.44,82.52,68.68,69.89
Kalimantan Barat,70.9,4.82,2972111.0,3195756.0,2469814.0,20.76,38.94,56.39,85.32,55.7,72.09
Kalimantan Tengah,68.4,3.97,3451676.0,3702880.0,2876780.0,25.83,31.47,50.15,85.26,50.34,74.86
Kalimantan Selatan,69.93,4.16,3164480.0,3499340.0,2474152.0,25.07,35.75,53.48,84.48,55.18,76.1
Kalimantan Timur,66.58,5.18,4475944.0,4873036.0,3587114.0,31.58,25.69,43.22,83.14,48.72,79.39
Kalimantan Utara,69.55,3.85,3675921.0,3917087.0,3145729.0,32.87,26.64,48.44,84.95,52.26,74.04
Sulawesi Utara,67.21,5.99,3420935.0,3592613.0,3108561.0,21.73,30.96,54.56,83.26,50.51,76.32
Sulawesi Tengah,72.4,2.92,3056120.0,3313280.0,2647038.0,23.52,36.81,64.57,86.02,58.05,72.82
Sulawesi Selatan,67.65,4.21,3060385.0,3329378.0,2615502.0,24.61,37.36,60.45,82.8,52.95,75.92
Sulawesi Tenggara,71.67,3.31,3189724.0,3463352.0,2748755.0,26.83,36.57,61.13,83.56,59.49,74.25
Gorontalo,69.29,3.42,2911813.0,3115666.0,2633079.0,34.05,29.92,61.14,85.3,53.12,72.62
Sulawesi Barat,74.25,2.86,2698528.0,2935036.0,2347160.0,21.48,46.2,70.63,87.47,60.68,71.16
Maluku,66.66,6.27,3100805.0,3294034.0,2809255.0,22.89,38.77,66.06,77.45,55.71,74.09
Maluku Utara,69.57,4.55,3620219.0,3891141.0,3145107.0,26.22,40.44,64.51,83.85,54.29,72.52
Papua Barat,69.55,4.55,3765973.0,3897644.0,3501220.0,18.71,42.08,63.19,80.03,57.73,68.48
Papua Barat Daya,68.1,6.85,3837947.0,4082049.0,3368008.0,30.47,28.67,55.66,80.35,54.63,70.55
Papua,63.98,6.96,4426645.0,4565318.0,4136804.0,23.08,33.52,52.88,75.97,50.54,74.69
Papua Selatan,67.37,4.04,4264963.0,4330586.0,4128303.0,23.16,33.14,65.88,78.24,55.32,69.54
Papua Tengah,73.89,3.62,4808336.0,5294693.0,3601666.0,10.16,53.86,84.72,80.58,66.09,60.64
Papua Pegunungan,90.66,1.68,3941546.0,4104199.0,3404784.0,2.4,50.59,95.3,92.87,88.08,54.91
